{
    "film_sl_vectors": [
        [
            6.256241757440579,
            -10.836128588764648,
            -0.0
        ],
        [
            -18.76872527232174,
            -10.836128588764648,
            -0.0
        ]
    ],
    "substrate_sl_vectors": [
        [
            -8.658926954866352,
            -8.998620854337759,
            -0.0
        ],
        [
            -15.586068518759433,
            14.99770142389627,
            0.0
        ]
    ],
    "film_vectors": [
        [
            4.170827838293719,
            0.0,
            0.0
        ],
        [
            -2.0854139191468595,
            3.6120428629215495,
            0.0
        ]
    ],
    "substrate_vectors": [
        [
            3.4635707819465402,
            0.0,
            0.0
        ],
        [
            -1.7317853909732701,
            2.9995402847792536,
            0.0
        ]
    ],
    "film_transformation": [
        [
            6.0,
            0.0
        ],
        [
            0.0,
            3.0
        ]
    ],
    "substrate_transformation": [
        [
            2.0,
            8.0
        ],
        [
            0.0,
            13.0
        ]
    ],
    "strain": [
        [
            -0.001948268030479261,
            1.698877373039099e-11,
            0.0
        ],
        [
            1.698877373039099e-11,
            -0.00194826801730702,
            0.0
        ],
        [
            0.0,
            0.0,
            0.0
        ]
    ],
    "von_mises_strain": 0.0012988453492620937,
    "termination": [
        "default",
        "default"
    ],
    "film_thickness": 1,
    "substrate_thickness": 1,
    "signed_angle": -73.89788624883066
}