{
    "film_sl_vectors": [
        [
            -10.427069595734295,
            10.836128588764645,
            0.0
        ],
        [
            12.512483514881147,
            14.448171451686214,
            0.0
        ]
    ],
    "substrate_sl_vectors": [
        [
            -1.7317853909732701,
            14.997701423896268,
            0.0
        ],
        [
            19.04963930070597,
            2.999540284779254,
            -0.0
        ]
    ],
    "film_vectors": [
        [
            4.170827838293719,
            0.0,
            0.0
        ],
        [
            -2.0854139191468595,
            3.6120428629215495,
            0.0
        ]
    ],
    "substrate_vectors": [
        [
            3.4635707819465402,
            0.0,
            0.0
        ],
        [
            -1.7317853909732701,
            2.9995402847792536,
            0.0
        ]
    ],
    "film_transformation": [
        [
            1.0,
            16.0
        ],
        [
            0.0,
            19.0
        ]
    ],
    "substrate_transformation": [
        [
            2.0,
            5.0
        ],
        [
            0.0,
            14.0
        ]
    ],
    "strain": [
        [
            0.0339224938654098,
            0.0038601468453392665,
            0.0
        ],
        [
            0.0038601468453392665,
            -0.016381474005592422,
            0.0
        ],
        [
            0.0,
            0.0,
            0.0
        ]
    ],
    "von_mises_strain": 0.029959164304532875,
    "termination": [
        "default",
        "default"
    ],
    "film_thickness": 1,
    "substrate_thickness": 1,
    "signed_angle": -37.311110692794855
}