{
    "film_sl_vectors": [
        [
            6.256241757440579,
            3.6120428629215495,
            0.0
        ],
        [
            -22.939553110615453,
            39.732471492137044,
            0.0
        ]
    ],
    "substrate_sl_vectors": [
        [
            3.4635707819465367,
            5.999080569558501,
            0.0
        ],
        [
            -39.8310639923852,
            26.995862563013304,
            0.0
        ]
    ],
    "film_vectors": [
        [
            4.170827838293719,
            0.0,
            0.0
        ],
        [
            -2.0854139191468595,
            3.6120428629215495,
            0.0
        ]
    ],
    "substrate_vectors": [
        [
            3.4635707819465402,
            0.0,
            0.0
        ],
        [
            -1.7317853909732701,
            2.9995402847792536,
            0.0
        ]
    ],
    "film_transformation": [
        [
            2.0,
            1.0
        ],
        [
            0.0,
            11.0
        ]
    ],
    "substrate_transformation": [
        [
            1.0,
            17.0
        ],
        [
            0.0,
            32.0
        ]
    ],
    "strain": [
        [
            -0.04904629413653899,
            -0.020976730541561055,
            0.0
        ],
        [
            -0.020976730541561055,
            0.05876464967514783,
            0.0
        ],
        [
            0.0,
            0.0,
            0.0
        ]
    ],
    "von_mises_strain": 0.06686995999004669,
    "termination": [
        "default",
        "default"
    ],
    "film_thickness": 1,
    "substrate_thickness": 1,
    "signed_angle": 29.999999997396518
}