{
    "film_sl_vectors": [
        [
            6.256241757440579,
            -10.836128588764648,
            -0.0
        ],
        [
            20.854139191468597,
            7.224085725843099,
            0.0
        ]
    ],
    "substrate_sl_vectors": [
        [
            -10.390712345839624,
            5.999080569558508,
            0.0
        ],
        [
            8.65892695486636,
            20.996781993454775,
            0.0
        ]
    ],
    "film_vectors": [
        [
            4.170827838293719,
            0.0,
            0.0
        ],
        [
            -2.0854139191468595,
            3.6120428629215495,
            0.0
        ]
    ],
    "substrate_vectors": [
        [
            3.4635707819465402,
            0.0,
            0.0
        ],
        [
            -1.7317853909732701,
            2.9995402847792536,
            0.0
        ]
    ],
    "film_transformation": [
        [
            6.0,
            2.0
        ],
        [
            0.0,
            3.0
        ]
    ],
    "substrate_transformation": [
        [
            2.0,
            11.0
        ],
        [
            0.0,
            13.0
        ]
    ],
    "strain": [
        [
            0.0012443712723884115,
            0.04608177909230246,
            0.0
        ],
        [
            0.04608177909230246,
            -0.0008840549098986794,
            0.0
        ],
        [
            0.0,
            0.0,
            0.0
        ]
    ],
    "von_mises_strain": 0.05322497825651932,
    "termination": [
        "default",
        "default"
    ],
    "film_thickness": 1,
    "substrate_thickness": 1,
    "signed_angle": -149.99999999739651
}