{
    "film_sl_vectors": [
        [
            -12.512483514881156,
            7.2240857258431,
            0.0
        ],
        [
            -16.683311353174872,
            -14.448171451686196,
            -0.0
        ]
    ],
    "substrate_sl_vectors": [
        [
            1.7317853909732577,
            14.99770142389626,
            0.0
        ],
        [
            -19.049639300705955,
            8.998620854337773,
            0.0
        ]
    ],
    "film_vectors": [
        [
            4.170827838293719,
            0.0,
            0.0
        ],
        [
            -2.0854139191468595,
            3.6120428629215495,
            0.0
        ]
    ],
    "substrate_vectors": [
        [
            3.4635707819465402,
            0.0,
            0.0
        ],
        [
            -1.7317853909732701,
            2.9995402847792536,
            0.0
        ]
    ],
    "film_transformation": [
        [
            2.0,
            8.0
        ],
        [
            0.0,
            10.0
        ]
    ],
    "substrate_transformation": [
        [
            1.0,
            21.0
        ],
        [
            0.0,
            29.0
        ]
    ],
    "strain": [
        [
            0.006863416462159377,
            -0.047777588537097196,
            0.0
        ],
        [
            -0.047777588537097196,
            -0.002331384742669751,
            0.0
        ],
        [
            0.0,
            0.0,
            0.0
        ]
    ],
    "von_mises_strain": 0.0554442142218819,
    "termination": [
        "default",
        "default"
    ],
    "film_thickness": 1,
    "substrate_thickness": 1,
    "signed_angle": -66.58677555303174
}