{
    "film_sl_vectors": [
        [
            -6.256241757440577,
            3.6120428629215553,
            0.0
        ],
        [
            -27.11038094890916,
            -39.73247149213698,
            -0.0
        ]
    ],
    "substrate_sl_vectors": [
        [
            3.4635707819465402,
            -5.999080569558507,
            -0.0
        ],
        [
            -39.8310639923852,
            -26.995862563013283,
            -0.0
        ]
    ],
    "film_vectors": [
        [
            4.170827838293719,
            0.0,
            0.0
        ],
        [
            -2.0854139191468595,
            3.6120428629215495,
            0.0
        ]
    ],
    "substrate_vectors": [
        [
            3.4635707819465402,
            0.0,
            0.0
        ],
        [
            -1.7317853909732701,
            2.9995402847792536,
            0.0
        ]
    ],
    "film_transformation": [
        [
            1.0,
            22.0
        ],
        [
            0.0,
            23.0
        ]
    ],
    "substrate_transformation": [
        [
            16.0,
            1.0
        ],
        [
            0.0,
            2.0
        ]
    ],
    "strain": [
        [
            -0.030048322129047178,
            0.01768704050398549,
            0.0
        ],
        [
            0.01768704050398549,
            -0.009625086914660463,
            0.0
        ],
        [
            0.0,
            0.0,
            0.0
        ]
    ],
    "von_mises_strain": 0.027037590738515884,
    "termination": [
        "default",
        "default"
    ],
    "film_thickness": 1,
    "substrate_thickness": 1,
    "signed_angle": 150.00000000260354
}