{
    "film_sl_vectors": [
        [
            -12.512483514881156,
            7.2240857258431,
            0.0
        ],
        [
            -16.683311353174872,
            -14.448171451686196,
            -0.0
        ]
    ],
    "substrate_sl_vectors": [
        [
            -12.122497736812889,
            8.998620854337759,
            0.0
        ],
        [
            -17.317853909732694,
            -11.998161139117023,
            -0.0
        ]
    ],
    "film_vectors": [
        [
            4.170827838293719,
            0.0,
            0.0
        ],
        [
            -2.0854139191468595,
            3.6120428629215495,
            0.0
        ]
    ],
    "substrate_vectors": [
        [
            3.4635707819465402,
            0.0,
            0.0
        ],
        [
            -1.7317853909732701,
            2.9995402847792536,
            0.0
        ]
    ],
    "film_transformation": [
        [
            2.0,
            8.0
        ],
        [
            0.0,
            10.0
        ]
    ],
    "substrate_transformation": [
        [
            1.0,
            13.0
        ],
        [
            0.0,
            29.0
        ]
    ],
    "strain": [
        [
            0.006863416516779575,
            -0.04777758855525412,
            0.0
        ],
        [
            -0.04777758855525412,
            -0.0023313847928746467,
            0.0
        ],
        [
            0.0,
            0.0,
            0.0
        ]
    ],
    "von_mises_strain": 0.05544421424857836,
    "termination": [
        "default",
        "default"
    ],
    "film_thickness": 1,
    "substrate_thickness": 1,
    "signed_angle": -6.58677555085882
}