{
    "film_sl_vectors": [
        [
            6.256241757440579,
            -10.836128588764648,
            -0.0
        ],
        [
            -20.854139191468597,
            -14.448171451686198,
            -0.0
        ]
    ],
    "substrate_sl_vectors": [
        [
            3.463570781946551,
            11.998161139117016,
            0.0
        ],
        [
            -22.51321008265253,
            8.998620854337759,
            0.0
        ]
    ],
    "film_vectors": [
        [
            4.170827838293719,
            0.0,
            0.0
        ],
        [
            -2.0854139191468595,
            3.6120428629215495,
            0.0
        ]
    ],
    "substrate_vectors": [
        [
            3.4635707819465402,
            0.0,
            0.0
        ],
        [
            -1.7317853909732701,
            2.9995402847792536,
            0.0
        ]
    ],
    "film_transformation": [
        [
            7.0,
            1.0
        ],
        [
            0.0,
            3.0
        ]
    ],
    "substrate_transformation": [
        [
            1.0,
            11.0
        ],
        [
            0.0,
            29.0
        ]
    ],
    "strain": [
        [
            -0.03947806881888799,
            -0.0153480537567767,
            0.0
        ],
        [
            -0.0153480537567767,
            -0.007160740411439159,
            0.0
        ],
        [
            0.0,
            0.0,
            0.0
        ]
    ],
    "von_mises_strain": 0.030065041940688885,
    "termination": [
        "default",
        "default"
    ],
    "film_thickness": 1,
    "substrate_thickness": 1,
    "signed_angle": 133.89788624805232
}