{
    "film_sl_vectors": [
        [
            -10.427069595734295,
            10.836128588764645,
            0.0
        ],
        [
            -16.683311353174865,
            -7.224085725843118,
            -0.0
        ]
    ],
    "substrate_sl_vectors": [
        [
            1.7317853909732701,
            14.997701423896268,
            0.0
        ],
        [
            -15.586068518759431,
            8.99862085433776,
            0.0
        ]
    ],
    "film_vectors": [
        [
            4.170827838293719,
            0.0,
            0.0
        ],
        [
            -2.0854139191468595,
            3.6120428629215495,
            0.0
        ]
    ],
    "substrate_vectors": [
        [
            3.4635707819465402,
            0.0,
            0.0
        ],
        [
            -1.7317853909732701,
            2.9995402847792536,
            0.0
        ]
    ],
    "film_transformation": [
        [
            1.0,
            14.0
        ],
        [
            0.0,
            17.0
        ]
    ],
    "substrate_transformation": [
        [
            3.0,
            5.0
        ],
        [
            0.0,
            8.0
        ]
    ],
    "strain": [
        [
            0.009452437058738106,
            -0.017220872432697924,
            0.0
        ],
        [
            -0.017220872432697924,
            -0.03429445451616403,
            0.0
        ],
        [
            0.0,
            0.0,
            0.0
        ]
    ],
    "von_mises_strain": 0.03319504442077135,
    "termination": [
        "default",
        "default"
    ],
    "film_thickness": 1,
    "substrate_thickness": 1,
    "signed_angle": -50.48466180088953
}