{
    "film_sl_vectors": [
        [
            6.256241757440579,
            -10.836128588764648,
            -0.0
        ],
        [
            16.683311353174876,
            7.224085725843099,
            0.0
        ]
    ],
    "substrate_sl_vectors": [
        [
            -8.658926954866349,
            -8.998620854337759,
            -0.0
        ],
        [
            -13.85428312778616,
            11.998161139117016,
            0.0
        ]
    ],
    "film_vectors": [
        [
            4.170827838293719,
            0.0,
            0.0
        ],
        [
            -2.0854139191468595,
            3.6120428629215495,
            0.0
        ]
    ],
    "substrate_vectors": [
        [
            3.4635707819465402,
            0.0,
            0.0
        ],
        [
            -1.7317853909732701,
            2.9995402847792536,
            0.0
        ]
    ],
    "film_transformation": [
        [
            5.0,
            2.0
        ],
        [
            0.0,
            3.0
        ]
    ],
    "substrate_transformation": [
        [
            2.0,
            7.0
        ],
        [
            0.0,
            11.0
        ]
    ],
    "strain": [
        [
            -0.01574046978694177,
            0.023004024105265905,
            0.0
        ],
        [
            0.023004024105265905,
            0.02921189156633941,
            0.0
        ],
        [
            0.0,
            0.0,
            0.0
        ]
    ],
    "von_mises_strain": 0.03740743401888363,
    "termination": [
        "default",
        "default"
    ],
    "film_thickness": 1,
    "substrate_thickness": 1,
    "signed_angle": -73.89788624883066
}