{
    "film_sl_vectors": [
        [
            16.683311353174876,
            0.0,
            0.0
        ],
        [
            8.341655676587438,
            -14.448171451686198,
            -0.0
        ]
    ],
    "substrate_sl_vectors": [
        [
            8.65892695486635,
            -14.997701423896268,
            -0.0
        ],
        [
            -8.65892695486635,
            -14.997701423896268,
            -0.0
        ]
    ],
    "film_vectors": [
        [
            4.170827838293719,
            0.0,
            0.0
        ],
        [
            -2.0854139191468595,
            3.6120428629215495,
            0.0
        ]
    ],
    "substrate_vectors": [
        [
            3.4635707819465402,
            0.0,
            0.0
        ],
        [
            -1.7317853909732701,
            2.9995402847792536,
            0.0
        ]
    ],
    "film_transformation": [
        [
            4.0,
            0.0
        ],
        [
            0.0,
            4.0
        ]
    ],
    "substrate_transformation": [
        [
            5.0,
            0.0
        ],
        [
            0.0,
            5.0
        ]
    ],
    "strain": [
        [
            0.03875788315204298,
            2.986280659494596e-11,
            0.0
        ],
        [
            2.986280659494596e-11,
            0.0387578831424189,
            0.0
        ],
        [
            0.0,
            0.0,
            0.0
        ]
    ],
    "von_mises_strain": 0.025838588764820626,
    "termination": [
        "default",
        "default"
    ],
    "film_thickness": 1,
    "substrate_thickness": 1,
    "signed_angle": -59.99999999841207
}