{
    "film_sl_vectors": [
        [
            -14.597897434028019,
            3.612042862921548,
            0.0
        ],
        [
            2.085413919146861,
            18.060214314607748,
            0.0
        ]
    ],
    "substrate_sl_vectors": [
        [
            -1.7317853909732648,
            14.997701423896274,
            0.0
        ],
        [
            -17.317853909732715,
            -1.4210854715202004e-14,
            0.0
        ]
    ],
    "film_vectors": [
        [
            4.170827838293719,
            0.0,
            0.0
        ],
        [
            -2.0854139191468595,
            3.6120428629215495,
            0.0
        ]
    ],
    "substrate_vectors": [
        [
            3.4635707819465402,
            0.0,
            0.0
        ],
        [
            -1.7317853909732701,
            2.9995402847792536,
            0.0
        ]
    ],
    "film_transformation": [
        [
            3.0,
            5.0
        ],
        [
            0.0,
            6.0
        ]
    ],
    "substrate_transformation": [
        [
            1.0,
            15.0
        ],
        [
            0.0,
            25.0
        ]
    ],
    "strain": [
        [
            0.005501223682888079,
            -0.0030721185988776905,
            0.0
        ],
        [
            -0.0030721185988776905,
            -0.04629048061898711,
            0.0
        ],
        [
            0.0,
            0.0,
            0.0
        ]
    ],
    "von_mises_strain": 0.03303896745949239,
    "termination": [
        "default",
        "default"
    ],
    "film_thickness": 1,
    "substrate_thickness": 1,
    "signed_angle": -69.51533819739187
}