{
    "film_sl_vectors": [
        [
            -6.256241757440577,
            3.612042862921548,
            0.0
        ],
        [
            -18.768725272321724,
            -25.28430004045086,
            -0.0
        ]
    ],
    "substrate_sl_vectors": [
        [
            3.4635707819465402,
            -5.999080569558507,
            -0.0
        ],
        [
            -27.708566255572315,
            -17.99724170867552,
            -0.0
        ]
    ],
    "film_vectors": [
        [
            4.170827838293719,
            0.0,
            0.0
        ],
        [
            -2.0854139191468595,
            3.6120428629215495,
            0.0
        ]
    ],
    "substrate_vectors": [
        [
            3.4635707819465402,
            0.0,
            0.0
        ],
        [
            -1.7317853909732701,
            2.9995402847792536,
            0.0
        ]
    ],
    "film_transformation": [
        [
            1.0,
            14.0
        ],
        [
            0.0,
            15.0
        ]
    ],
    "substrate_transformation": [
        [
            11.0,
            0.0
        ],
        [
            0.0,
            2.0
        ]
    ],
    "strain": [
        [
            -0.038727472857189416,
            0.029197415233817005,
            0.0
        ],
        [
            0.029197415233817005,
            0.0562854729584541,
            0.0
        ],
        [
            0.0,
            0.0,
            0.0
        ]
    ],
    "von_mises_strain": 0.06465337635016648,
    "termination": [
        "default",
        "default"
    ],
    "film_thickness": 1,
    "substrate_thickness": 1,
    "signed_angle": 150.00000000260349
}