{
    "film_sl_vectors": [
        [
            6.256241757440579,
            -10.836128588764648,
            -0.0
        ],
        [
            25.024967029762315,
            7.224085725843099,
            0.0
        ]
    ],
    "substrate_sl_vectors": [
        [
            8.65892695486635,
            8.99862085433776,
            0.0
        ],
        [
            22.513210082652513,
            -14.997701423896268,
            -0.0
        ]
    ],
    "film_vectors": [
        [
            4.170827838293719,
            0.0,
            0.0
        ],
        [
            -2.0854139191468595,
            3.6120428629215495,
            0.0
        ]
    ],
    "substrate_vectors": [
        [
            3.4635707819465402,
            0.0,
            0.0
        ],
        [
            -1.7317853909732701,
            2.9995402847792536,
            0.0
        ]
    ],
    "film_transformation": [
        [
            7.0,
            2.0
        ],
        [
            0.0,
            3.0
        ]
    ],
    "substrate_transformation": [
        [
            4.0,
            3.0
        ],
        [
            0.0,
            8.0
        ]
    ],
    "strain": [
        [
            0.016816632444082047,
            0.03927296110166134,
            0.0
        ],
        [
            0.03927296110166134,
            0.03714527446471405,
            0.0
        ],
        [
            0.0,
            0.0,
            0.0
        ]
    ],
    "von_mises_strain": 0.05017750064715133,
    "termination": [
        "default",
        "default"
    ],
    "film_thickness": 1,
    "substrate_thickness": 1,
    "signed_angle": 106.10211375116934
}