{
    "film_sl_vectors": [
        [
            10.427069595734297,
            10.836128588764648,
            0.0
        ],
        [
            -8.341655676587438,
            14.448171451686198,
            0.0
        ]
    ],
    "substrate_sl_vectors": [
        [
            -1.7317853909732701,
            14.997701423896268,
            0.0
        ],
        [
            -15.586068518759427,
            2.999540284779256,
            0.0
        ]
    ],
    "film_vectors": [
        [
            4.170827838293719,
            0.0,
            0.0
        ],
        [
            -2.0854139191468595,
            3.6120428629215495,
            0.0
        ]
    ],
    "substrate_vectors": [
        [
            3.4635707819465402,
            0.0,
            0.0
        ],
        [
            -1.7317853909732701,
            2.9995402847792536,
            0.0
        ]
    ],
    "film_transformation": [
        [
            4.0,
            3.0
        ],
        [
            0.0,
            4.0
        ]
    ],
    "substrate_transformation": [
        [
            2.0,
            5.0
        ],
        [
            0.0,
            11.0
        ]
    ],
    "strain": [
        [
            -0.02993374694208406,
            0.02877231078994789,
            0.0
        ],
        [
            0.02877231078994789,
            -0.020056519112208848,
            0.0
        ],
        [
            0.0,
            0.0,
            0.0
        ]
    ],
    "von_mises_strain": 0.03760297861622282,
    "termination": [
        "default",
        "default"
    ],
    "film_thickness": 1,
    "substrate_thickness": 1,
    "signed_angle": 50.48466180088953
}