{
    "film_sl_vectors": [
        [
            6.256241757440579,
            -10.836128588764648,
            -0.0
        ],
        [
            -20.854139191468597,
            -14.448171451686198,
            -0.0
        ]
    ],
    "substrate_sl_vectors": [
        [
            -8.658926954866352,
            8.998620854337759,
            0.0
        ],
        [
            -19.049639300705984,
            -14.997701423896288,
            -0.0
        ]
    ],
    "film_vectors": [
        [
            4.170827838293719,
            0.0,
            0.0
        ],
        [
            -2.0854139191468595,
            3.6120428629215495,
            0.0
        ]
    ],
    "substrate_vectors": [
        [
            3.4635707819465402,
            0.0,
            0.0
        ],
        [
            -1.7317853909732701,
            2.9995402847792536,
            0.0
        ]
    ],
    "film_transformation": [
        [
            7.0,
            1.0
        ],
        [
            0.0,
            3.0
        ]
    ],
    "substrate_transformation": [
        [
            1.0,
            26.0
        ],
        [
            0.0,
            29.0
        ]
    ],
    "strain": [
        [
            -0.03947806886993227,
            -0.015348053754089232,
            0.0
        ],
        [
            -0.015348053754089232,
            -0.007160740356992268,
            0.0
        ],
        [
            0.0,
            0.0,
            0.0
        ]
    ],
    "von_mises_strain": 0.03006504197607112,
    "termination": [
        "default",
        "default"
    ],
    "film_thickness": 1,
    "substrate_thickness": 1,
    "signed_angle": -166.10211374913823
}