{
    "film_sl_vectors": [
        [
            8.341655676587438,
            -14.448171451686198,
            -0.0
        ],
        [
            18.768725272321735,
            3.6120428629215495,
            0.0
        ]
    ],
    "substrate_sl_vectors": [
        [
            8.65892695486635,
            -14.997701423896268,
            -0.0
        ],
        [
            -12.12249773681289,
            -14.997701423896268,
            -0.0
        ]
    ],
    "film_vectors": [
        [
            4.170827838293719,
            0.0,
            0.0
        ],
        [
            -2.0854139191468595,
            3.6120428629215495,
            0.0
        ]
    ],
    "substrate_vectors": [
        [
            3.4635707819465402,
            0.0,
            0.0
        ],
        [
            -1.7317853909732701,
            2.9995402847792536,
            0.0
        ]
    ],
    "film_transformation": [
        [
            5.0,
            1.0
        ],
        [
            0.0,
            4.0
        ]
    ],
    "substrate_transformation": [
        [
            6.0,
            0.0
        ],
        [
            0.0,
            5.0
        ]
    ],
    "strain": [
        [
            0.01806958043701834,
            -0.0243864774665639,
            0.0
        ],
        [
            -0.0243864774665639,
            0.01749490535371756,
            0.0
        ],
        [
            0.0,
            0.0,
            0.0
        ]
    ],
    "von_mises_strain": 0.030554553766156074,
    "termination": [
        "default",
        "default"
    ],
    "film_thickness": 1,
    "substrate_thickness": 1,
    "signed_angle": 2.6034861744509317e-09
}