{
    "film_sl_vectors": [
        [
            -6.256241757440577,
            3.612042862921548,
            0.0
        ],
        [
            -20.854139191468583,
            -28.896342903372407,
            -0.0
        ]
    ],
    "substrate_sl_vectors": [
        [
            3.4635707819465402,
            -5.999080569558507,
            -0.0
        ],
        [
            -29.440351646545583,
            -20.996781993454775,
            -0.0
        ]
    ],
    "film_vectors": [
        [
            4.170827838293719,
            0.0,
            0.0
        ],
        [
            -2.0854139191468595,
            3.6120428629215495,
            0.0
        ]
    ],
    "substrate_vectors": [
        [
            3.4635707819465402,
            0.0,
            0.0
        ],
        [
            -1.7317853909732701,
            2.9995402847792536,
            0.0
        ]
    ],
    "film_transformation": [
        [
            1.0,
            16.0
        ],
        [
            0.0,
            17.0
        ]
    ],
    "substrate_transformation": [
        [
            12.0,
            1.0
        ],
        [
            0.0,
            2.0
        ]
    ],
    "strain": [
        [
            -0.026340474232174782,
            0.02410922144823345,
            0.0
        ],
        [
            0.02410922144823345,
            0.0014984567764001477,
            0.0
        ],
        [
            0.0,
            0.0,
            0.0
        ]
    ],
    "von_mises_strain": 0.033195044436804974,
    "termination": [
        "default",
        "default"
    ],
    "film_thickness": 1,
    "substrate_thickness": 1,
    "signed_angle": 150.00000000260349
}