{
    "film_sl_vectors": [
        [
            -10.427069595734293,
            -10.836128588764652,
            -0.0
        ],
        [
            -16.683311353174872,
            14.448171451686196,
            0.0
        ]
    ],
    "substrate_sl_vectors": [
        [
            -13.85428312778616,
            5.999080569558508,
            0.0
        ],
        [
            8.658926954866349,
            20.996781993454775,
            0.0
        ]
    ],
    "film_vectors": [
        [
            4.170827838293719,
            0.0,
            0.0
        ],
        [
            -2.0854139191468595,
            3.6120428629215495,
            0.0
        ]
    ],
    "substrate_vectors": [
        [
            3.4635707819465402,
            0.0,
            0.0
        ],
        [
            -1.7317853909732701,
            2.9995402847792536,
            0.0
        ]
    ],
    "film_transformation": [
        [
            2.0,
            7.0
        ],
        [
            0.0,
            11.0
        ]
    ],
    "substrate_transformation": [
        [
            3.0,
            9.0
        ],
        [
            0.0,
            11.0
        ]
    ],
    "strain": [
        [
            0.0008222040975186529,
            -0.014395795430678298,
            0.0
        ],
        [
            -0.014395795430678298,
            0.0345428077019162,
            0.0
        ],
        [
            0.0,
            0.0,
            0.0
        ]
    ],
    "von_mises_strain": 0.02818350284769078,
    "termination": [
        "default",
        "default"
    ],
    "film_thickness": 1,
    "substrate_thickness": 1,
    "signed_angle": -69.51533819819116
}