{
    "film_sl_vectors": [
        [
            10.427069595734297,
            10.836128588764648,
            0.0
        ],
        [
            -10.427069595734297,
            18.060214314607748,
            0.0
        ]
    ],
    "substrate_sl_vectors": [
        [
            -12.122497736812889,
            8.998620854337759,
            0.0
        ],
        [
            -17.317853909732694,
            -11.998161139117023,
            -0.0
        ]
    ],
    "film_vectors": [
        [
            4.170827838293719,
            0.0,
            0.0
        ],
        [
            -2.0854139191468595,
            3.6120428629215495,
            0.0
        ]
    ],
    "substrate_vectors": [
        [
            3.4635707819465402,
            0.0,
            0.0
        ],
        [
            -1.7317853909732701,
            2.9995402847792536,
            0.0
        ]
    ],
    "film_transformation": [
        [
            4.0,
            3.0
        ],
        [
            0.0,
            5.0
        ]
    ],
    "substrate_transformation": [
        [
            1.0,
            13.0
        ],
        [
            0.0,
            29.0
        ]
    ],
    "strain": [
        [
            -0.023307025001637616,
            0.002488416077514274,
            0.0
        ],
        [
            0.002488416077514274,
            0.0243910062747128,
            0.0
        ],
        [
            0.0,
            0.0,
            0.0
        ]
    ],
    "von_mises_strain": 0.02769032753952876,
    "termination": [
        "default",
        "default"
    ],
    "film_thickness": 1,
    "substrate_thickness": 1,
    "signed_angle": 97.31111069496781
}