{
    "film_sl_vectors": [
        [
            -16.68331135317487,
            -7.224085725843114,
            -0.0
        ],
        [
            -14.597897434028013,
            10.836128588764641,
            0.0
        ]
    ],
    "substrate_sl_vectors": [
        [
            8.65892695486635,
            -14.997701423896268,
            -0.0
        ],
        [
            -8.65892695486635,
            -14.997701423896268,
            -0.0
        ]
    ],
    "film_vectors": [
        [
            4.170827838293719,
            0.0,
            0.0
        ],
        [
            -2.0854139191468595,
            3.6120428629215495,
            0.0
        ]
    ],
    "substrate_vectors": [
        [
            3.4635707819465402,
            0.0,
            0.0
        ],
        [
            -1.7317853909732701,
            2.9995402847792536,
            0.0
        ]
    ],
    "film_transformation": [
        [
            1.0,
            8.0
        ],
        [
            0.0,
            19.0
        ]
    ],
    "substrate_transformation": [
        [
            5.0,
            0.0
        ],
        [
            0.0,
            5.0
        ]
    ],
    "strain": [
        [
            -0.046309151043613106,
            6.617516362262259e-12,
            0.0
        ],
        [
            6.617516362262259e-12,
            -0.04630915102420846,
            0.0
        ],
        [
            0.0,
            0.0,
            0.0
        ]
    ],
    "von_mises_strain": 0.03087276735594052,
    "termination": [
        "default",
        "default"
    ],
    "film_thickness": 1,
    "substrate_thickness": 1,
    "signed_angle": 96.58677555436213
}