{
    "film_sl_vectors": [
        [
            -18.768725272321724,
            -3.6120428629215695,
            -0.0
        ],
        [
            -12.512483514881154,
            14.448171451686193,
            0.0
        ]
    ],
    "substrate_sl_vectors": [
        [
            6.927141563893073,
            17.99724170867556,
            0.0
        ],
        [
            -12.122497736812889,
            14.99770142389626,
            0.0
        ]
    ],
    "film_vectors": [
        [
            4.170827838293719,
            0.0,
            0.0
        ],
        [
            -2.0854139191468595,
            3.6120428629215495,
            0.0
        ]
    ],
    "substrate_vectors": [
        [
            3.4635707819465402,
            0.0,
            0.0
        ],
        [
            -1.7317853909732701,
            2.9995402847792536,
            0.0
        ]
    ],
    "film_transformation": [
        [
            1.0,
            17.0
        ],
        [
            0.0,
            21.0
        ]
    ],
    "substrate_transformation": [
        [
            1.0,
            26.0
        ],
        [
            0.0,
            31.0
        ]
    ],
    "strain": [
        [
            0.008997923877955838,
            1.131159487030618e-11,
            0.0
        ],
        [
            1.131159487030618e-11,
            0.008997923897384408,
            0.0
        ],
        [
            0.0,
            0.0,
            0.0
        ]
    ],
    "von_mises_strain": 0.005998615925113415,
    "termination": [
        "default",
        "default"
    ],
    "film_thickness": 1,
    "substrate_thickness": 1,
    "signed_angle": -121.94511908616843
}