{
    "film_sl_vectors": [
        [
            -14.597897434028017,
            3.6120428629215517,
            0.0
        ],
        [
            0.0,
            21.672257177529296,
            0.0
        ]
    ],
    "substrate_sl_vectors": [
        [
            -1.7317853909732701,
            14.997701423896268,
            0.0
        ],
        [
            -22.513210082652506,
            2.999540284779256,
            0.0
        ]
    ],
    "film_vectors": [
        [
            4.170827838293719,
            0.0,
            0.0
        ],
        [
            -2.0854139191468595,
            3.6120428629215495,
            0.0
        ]
    ],
    "substrate_vectors": [
        [
            3.4635707819465402,
            0.0,
            0.0
        ],
        [
            -1.7317853909732701,
            2.9995402847792536,
            0.0
        ]
    ],
    "film_transformation": [
        [
            3.0,
            6.0
        ],
        [
            0.0,
            7.0
        ]
    ],
    "substrate_transformation": [
        [
            2.0,
            5.0
        ],
        [
            0.0,
            16.0
        ]
    ],
    "strain": [
        [
            0.002742957070689833,
            0.00315989343237098,
            0.0
        ],
        [
            0.00315989343237098,
            0.04913396090817568,
            0.0
        ],
        [
            0.0,
            0.0,
            0.0
        ]
    ],
    "von_mises_strain": 0.03208912839123437,
    "termination": [
        "default",
        "default"
    ],
    "film_thickness": 1,
    "substrate_thickness": 1,
    "signed_angle": -69.51533819739184
}