{
    "film_sl_vectors": [
        [
            -14.597897434028015,
            10.836128588764648,
            0.0
        ],
        [
            6.256241757440577,
            18.060214314607748,
            0.0
        ]
    ],
    "substrate_sl_vectors": [
        [
            0.0,
            17.99724170867552,
            0.0
        ],
        [
            17.3178539097327,
            5.9990805695585045,
            -0.0
        ]
    ],
    "film_vectors": [
        [
            4.170827838293719,
            0.0,
            0.0
        ],
        [
            -2.0854139191468595,
            3.6120428629215495,
            0.0
        ]
    ],
    "substrate_vectors": [
        [
            3.4635707819465402,
            0.0,
            0.0
        ],
        [
            -1.7317853909732701,
            2.9995402847792536,
            0.0
        ]
    ],
    "film_transformation": [
        [
            2.0,
            8.0
        ],
        [
            0.0,
            11.0
        ]
    ],
    "substrate_transformation": [
        [
            3.0,
            6.0
        ],
        [
            0.0,
            10.0
        ]
    ],
    "strain": [
        [
            -0.03194852332551135,
            -0.020976730486080068,
            0.0
        ],
        [
            -0.020976730486080068,
            -0.026724204480776947,
            0.0
        ],
        [
            0.0,
            0.0,
            0.0
        ]
    ],
    "von_mises_strain": 0.03127769559043779,
    "termination": [
        "default",
        "default"
    ],
    "film_thickness": 1,
    "substrate_thickness": 1,
    "signed_angle": -53.41322444524808
}