{
    "film_sl_vectors": [
        [
            -14.597897434028015,
            10.836128588764648,
            0.0
        ],
        [
            6.256241757440577,
            18.060214314607748,
            0.0
        ]
    ],
    "substrate_sl_vectors": [
        [
            8.65892695486635,
            -14.997701423896268,
            -0.0
        ],
        [
            -12.12249773681289,
            -14.997701423896268,
            -0.0
        ]
    ],
    "film_vectors": [
        [
            4.170827838293719,
            0.0,
            0.0
        ],
        [
            -2.0854139191468595,
            3.6120428629215495,
            0.0
        ]
    ],
    "substrate_vectors": [
        [
            3.4635707819465402,
            0.0,
            0.0
        ],
        [
            -1.7317853909732701,
            2.9995402847792536,
            0.0
        ]
    ],
    "film_transformation": [
        [
            2.0,
            8.0
        ],
        [
            0.0,
            11.0
        ]
    ],
    "substrate_transformation": [
        [
            6.0,
            0.0
        ],
        [
            0.0,
            5.0
        ]
    ],
    "strain": [
        [
            -0.0697061005621118,
            0.006580935083714858,
            0.0
        ],
        [
            0.006580935083714858,
            0.013883001224548774,
            0.0
        ],
        [
            0.0,
            0.0,
            0.0
        ]
    ],
    "von_mises_strain": 0.052278460309583594,
    "termination": [
        "default",
        "default"
    ],
    "film_thickness": 1,
    "substrate_thickness": 1,
    "signed_angle": 156.58677555633986
}