{
    "film_sl_vectors": [
        [
            -12.512483514881158,
            7.2240857258431,
            0.0
        ],
        [
            -10.427069595734299,
            -10.836128588764648,
            -0.0
        ]
    ],
    "substrate_sl_vectors": [
        [
            -12.122497736812894,
            8.998620854337759,
            0.0
        ],
        [
            -12.122497736812898,
            -8.998620854337766,
            -0.0
        ]
    ],
    "film_vectors": [
        [
            4.170827838293719,
            0.0,
            0.0
        ],
        [
            -2.0854139191468595,
            3.6120428629215495,
            0.0
        ]
    ],
    "substrate_vectors": [
        [
            3.4635707819465402,
            0.0,
            0.0
        ],
        [
            -1.7317853909732701,
            2.9995402847792536,
            0.0
        ]
    ],
    "film_transformation": [
        [
            2.0,
            5.0
        ],
        [
            0.0,
            7.0
        ]
    ],
    "substrate_transformation": [
        [
            1.0,
            9.0
        ],
        [
            0.0,
            21.0
        ]
    ],
    "strain": [
        [
            0.050632546750411955,
            -0.013203840367420111,
            0.0
        ],
        [
            -0.013203840367420111,
            -0.013871798549081715,
            0.0
        ],
        [
            0.0,
            0.0,
            0.0
        ]
    ],
    "von_mises_strain": 0.04206592854773761,
    "termination": [
        "default",
        "default"
    ],
    "film_thickness": 1,
    "substrate_thickness": 1,
    "signed_angle": -6.5867755508588095
}