{
    "film_sl_vectors": [
        [
            8.341655676587438,
            14.448171451686198,
            0.0
        ],
        [
            18.768725272321735,
            -3.61204286292155,
            -0.0
        ]
    ],
    "substrate_sl_vectors": [
        [
            -10.390712345839624,
            -11.998161139116998,
            -0.0
        ],
        [
            -17.317853909732705,
            5.999080569558522,
            0.0
        ]
    ],
    "film_vectors": [
        [
            4.170827838293719,
            0.0,
            0.0
        ],
        [
            -2.0854139191468595,
            3.6120428629215495,
            0.0
        ]
    ],
    "substrate_vectors": [
        [
            3.4635707819465402,
            0.0,
            0.0
        ],
        [
            -1.7317853909732701,
            2.9995402847792536,
            0.0
        ]
    ],
    "film_transformation": [
        [
            4.0,
            4.0
        ],
        [
            0.0,
            5.0
        ]
    ],
    "substrate_transformation": [
        [
            1.0,
            6.0
        ],
        [
            0.0,
            26.0
        ]
    ],
    "strain": [
        [
            -0.033651176300142915,
            0.01443281322058007,
            0.0
        ],
        [
            0.01443281322058007,
            -0.06870635598799396,
            0.0
        ],
        [
            0.0,
            0.0,
            0.0
        ]
    ],
    "von_mises_strain": 0.04302884620871777,
    "termination": [
        "default",
        "default"
    ],
    "film_thickness": 1,
    "substrate_thickness": 1,
    "signed_angle": 169.1066053480387
}