{
    "film_sl_vectors": [
        [
            10.427069595734297,
            10.836128588764648,
            0.0
        ],
        [
            -10.427069595734297,
            18.060214314607748,
            0.0
        ]
    ],
    "substrate_sl_vectors": [
        [
            1.7317853909732577,
            14.99770142389626,
            0.0
        ],
        [
            -19.049639300705955,
            8.998620854337773,
            0.0
        ]
    ],
    "film_vectors": [
        [
            4.170827838293719,
            0.0,
            0.0
        ],
        [
            -2.0854139191468595,
            3.6120428629215495,
            0.0
        ]
    ],
    "substrate_vectors": [
        [
            3.4635707819465402,
            0.0,
            0.0
        ],
        [
            -1.7317853909732701,
            2.9995402847792536,
            0.0
        ]
    ],
    "film_transformation": [
        [
            4.0,
            3.0
        ],
        [
            0.0,
            5.0
        ]
    ],
    "substrate_transformation": [
        [
            1.0,
            21.0
        ],
        [
            0.0,
            29.0
        ]
    ],
    "strain": [
        [
            -0.023307024962494705,
            0.0024884160404845114,
            0.0
        ],
        [
            0.0024884160404845114,
            0.024391006231264778,
            0.0
        ],
        [
            0.0,
            0.0,
            0.0
        ]
    ],
    "von_mises_strain": 0.027690327487650688,
    "termination": [
        "default",
        "default"
    ],
    "film_thickness": 1,
    "substrate_thickness": 1,
    "signed_angle": 37.3111106927949
}