{
    "film_sl_vectors": [
        [
            -12.512483514881158,
            7.2240857258431,
            0.0
        ],
        [
            -10.427069595734299,
            -10.836128588764648,
            -0.0
        ]
    ],
    "substrate_sl_vectors": [
        [
            1.7317853909732701,
            14.997701423896268,
            0.0
        ],
        [
            -13.854283127786161,
            5.999080569558506,
            0.0
        ]
    ],
    "film_vectors": [
        [
            4.170827838293719,
            0.0,
            0.0
        ],
        [
            -2.0854139191468595,
            3.6120428629215495,
            0.0
        ]
    ],
    "substrate_vectors": [
        [
            3.4635707819465402,
            0.0,
            0.0
        ],
        [
            -1.7317853909732701,
            2.9995402847792536,
            0.0
        ]
    ],
    "film_transformation": [
        [
            2.0,
            5.0
        ],
        [
            0.0,
            7.0
        ]
    ],
    "substrate_transformation": [
        [
            3.0,
            5.0
        ],
        [
            0.0,
            7.0
        ]
    ],
    "strain": [
        [
            0.0506325466909604,
            -0.013203840352988773,
            0.0
        ],
        [
            -0.013203840352988773,
            -0.013871798497287535,
            0.0
        ],
        [
            0.0,
            0.0,
            0.0
        ]
    ],
    "von_mises_strain": 0.042065928484092595,
    "termination": [
        "default",
        "default"
    ],
    "film_thickness": 1,
    "substrate_thickness": 1,
    "signed_angle": -66.58677555303179
}