{
    "film_sl_vectors": [
        [
            12.512483514881158,
            7.224085725843099,
            0.0
        ],
        [
            -8.341655676587438,
            14.448171451686198,
            0.0
        ]
    ],
    "substrate_sl_vectors": [
        [
            -12.122497736812889,
            8.99862085433777,
            0.0
        ],
        [
            -10.390712345839617,
            -11.998161139116998,
            -0.0
        ]
    ],
    "film_vectors": [
        [
            4.170827838293719,
            0.0,
            0.0
        ],
        [
            -2.0854139191468595,
            3.6120428629215495,
            0.0
        ]
    ],
    "substrate_vectors": [
        [
            3.4635707819465402,
            0.0,
            0.0
        ],
        [
            -1.7317853909732701,
            2.9995402847792536,
            0.0
        ]
    ],
    "film_transformation": [
        [
            4.0,
            2.0
        ],
        [
            0.0,
            4.0
        ]
    ],
    "substrate_transformation": [
        [
            1.0,
            10.0
        ],
        [
            0.0,
            23.0
        ]
    ],
    "strain": [
        [
            -0.009730326336296113,
            0.0590998817056873,
            0.0
        ],
        [
            0.0590998817056873,
            0.008228269774405383,
            0.0
        ],
        [
            0.0,
            0.0,
            0.0
        ]
    ],
    "von_mises_strain": 0.06902764495172432,
    "termination": [
        "default",
        "default"
    ],
    "film_thickness": 1,
    "substrate_thickness": 1,
    "signed_angle": 113.41322444711004
}