{
    "film_sl_vectors": [
        [
            6.256241757440579,
            -10.836128588764648,
            -0.0
        ],
        [
            -20.854139191468597,
            -14.448171451686198,
            -0.0
        ]
    ],
    "substrate_sl_vectors": [
        [
            -7.105427357601002e-15,
            11.998161139117002,
            0.0
        ],
        [
            -25.976780864599025,
            2.9995402847793002,
            0.0
        ]
    ],
    "film_vectors": [
        [
            4.170827838293719,
            0.0,
            0.0
        ],
        [
            -2.0854139191468595,
            3.6120428629215495,
            0.0
        ]
    ],
    "substrate_vectors": [
        [
            3.4635707819465402,
            0.0,
            0.0
        ],
        [
            -1.7317853909732701,
            2.9995402847792536,
            0.0
        ]
    ],
    "film_transformation": [
        [
            7.0,
            1.0
        ],
        [
            0.0,
            3.0
        ]
    ],
    "substrate_transformation": [
        [
            1.0,
            17.0
        ],
        [
            0.0,
            30.0
        ]
    ],
    "strain": [
        [
            -0.005075751387948635,
            0.03927296114578041,
            0.0
        ],
        [
            0.03927296114578041,
            -0.006639493163731192,
            0.0
        ],
        [
            0.0,
            0.0,
            0.0
        ]
    ],
    "von_mises_strain": 0.04552529034116383,
    "termination": [
        "default",
        "default"
    ],
    "film_thickness": 1,
    "substrate_thickness": 1,
    "signed_angle": 150.0000000010156
}