{
    "film_sl_vectors": [
        [
            -16.68331135317488,
            7.2240857258431,
            0.0
        ],
        [
            2.085413919146861,
            18.060214314607748,
            0.0
        ]
    ],
    "substrate_sl_vectors": [
        [
            -15.586068518759431,
            8.998620854337762,
            0.0
        ],
        [
            -13.854283127786161,
            -11.998161139117013,
            -0.0
        ]
    ],
    "film_vectors": [
        [
            4.170827838293719,
            0.0,
            0.0
        ],
        [
            -2.0854139191468595,
            3.6120428629215495,
            0.0
        ]
    ],
    "substrate_vectors": [
        [
            3.4635707819465402,
            0.0,
            0.0
        ],
        [
            -1.7317853909732701,
            2.9995402847792536,
            0.0
        ]
    ],
    "film_transformation": [
        [
            3.0,
            5.0
        ],
        [
            0.0,
            7.0
        ]
    ],
    "substrate_transformation": [
        [
            3.0,
            7.0
        ],
        [
            0.0,
            10.0
        ]
    ],
    "strain": [
        [
            -0.02540439353857682,
            -0.013090987069424602,
            0.0
        ],
        [
            -0.013090987069424602,
            0.011604160047849144,
            0.0
        ],
        [
            0.0,
            0.0,
            0.0
        ]
    ],
    "von_mises_strain": 0.026574492510046784,
    "termination": [
        "default",
        "default"
    ],
    "film_thickness": 1,
    "substrate_thickness": 1,
    "signed_angle": -6.586775551186335
}