{
    "film_sl_vectors": [
        [
            6.256241757440579,
            -10.836128588764648,
            -0.0
        ],
        [
            20.854139191468597,
            7.224085725843099,
            0.0
        ]
    ],
    "substrate_sl_vectors": [
        [
            -8.65892695486636,
            8.998620854337759,
            0.0
        ],
        [
            -17.31785390973276,
            -11.99816113911703,
            -0.0
        ]
    ],
    "film_vectors": [
        [
            4.170827838293719,
            0.0,
            0.0
        ],
        [
            -2.0854139191468595,
            3.6120428629215495,
            0.0
        ]
    ],
    "substrate_vectors": [
        [
            3.4635707819465402,
            0.0,
            0.0
        ],
        [
            -1.7317853909732701,
            2.9995402847792536,
            0.0
        ]
    ],
    "film_transformation": [
        [
            6.0,
            2.0
        ],
        [
            0.0,
            3.0
        ]
    ],
    "substrate_transformation": [
        [
            1.0,
            22.0
        ],
        [
            0.0,
            25.0
        ]
    ],
    "strain": [
        [
            -0.04558100518291808,
            -0.006758660948618758,
            0.0
        ],
        [
            -0.006758660948618758,
            0.0047917482435920755,
            0.0
        ],
        [
            0.0,
            0.0,
            0.0
        ]
    ],
    "von_mises_strain": 0.033038967428690995,
    "termination": [
        "default",
        "default"
    ],
    "film_thickness": 1,
    "substrate_thickness": 1,
    "signed_angle": -166.10211374913823
}