{
    "film_sl_vectors": [
        [
            -10.427069595734293,
            -10.836128588764652,
            -0.0
        ],
        [
            -16.683311353174872,
            14.448171451686196,
            0.0
        ]
    ],
    "substrate_sl_vectors": [
        [
            1.7317853909732701,
            14.997701423896268,
            0.0
        ],
        [
            -22.513210082652513,
            2.999540284779256,
            0.0
        ]
    ],
    "film_vectors": [
        [
            4.170827838293719,
            0.0,
            0.0
        ],
        [
            -2.0854139191468595,
            3.6120428629215495,
            0.0
        ]
    ],
    "substrate_vectors": [
        [
            3.4635707819465402,
            0.0,
            0.0
        ],
        [
            -1.7317853909732701,
            2.9995402847792536,
            0.0
        ]
    ],
    "film_transformation": [
        [
            2.0,
            7.0
        ],
        [
            0.0,
            11.0
        ]
    ],
    "substrate_transformation": [
        [
            3.0,
            5.0
        ],
        [
            0.0,
            11.0
        ]
    ],
    "strain": [
        [
            0.0008222041188581386,
            -0.014395795484224162,
            0.0
        ],
        [
            -0.014395795484224162,
            0.03454280768221851,
            0.0
        ],
        [
            0.0,
            0.0,
            0.0
        ]
    ],
    "von_mises_strain": 0.02818350286802061,
    "termination": [
        "default",
        "default"
    ],
    "film_thickness": 1,
    "substrate_thickness": 1,
    "signed_angle": -142.6888893072052
}