{
    "film_sl_vectors": [
        [
            -16.683311353174865,
            7.224085725843096,
            0.0
        ],
        [
            -14.597897434027999,
            -10.836128588764652,
            -0.0
        ]
    ],
    "substrate_sl_vectors": [
        [
            3.4635707819465402,
            17.997241708675524,
            0.0
        ],
        [
            -13.854283127786161,
            11.998161139117013,
            0.0
        ]
    ],
    "film_vectors": [
        [
            4.170827838293719,
            0.0,
            0.0
        ],
        [
            -2.0854139191468595,
            3.6120428629215495,
            0.0
        ]
    ],
    "substrate_vectors": [
        [
            3.4635707819465402,
            0.0,
            0.0
        ],
        [
            -1.7317853909732701,
            2.9995402847792536,
            0.0
        ]
    ],
    "film_transformation": [
        [
            1.0,
            12.0
        ],
        [
            0.0,
            19.0
        ]
    ],
    "substrate_transformation": [
        [
            2.0,
            10.0
        ],
        [
            0.0,
            14.0
        ]
    ],
    "strain": [
        [
            0.008133750833354547,
            1.376502034726179e-11,
            0.0
        ],
        [
            1.376502034726179e-11,
            0.008133750850686017,
            0.0
        ],
        [
            0.0,
            0.0,
            0.0
        ]
    ],
    "von_mises_strain": 0.005422500561346855,
    "termination": [
        "default",
        "default"
    ],
    "film_thickness": 1,
    "substrate_thickness": 1,
    "signed_angle": -77.4801702025857
}