{
    "film_sl_vectors": [
        [
            8.341655676587438,
            14.448171451686198,
            0.0
        ],
        [
            18.768725272321735,
            -3.61204286292155,
            -0.0
        ]
    ],
    "substrate_sl_vectors": [
        [
            15.586068518759419,
            2.999540284779229,
            -0.0
        ],
        [
            3.4635707819465296,
            17.997241708675503,
            0.0
        ]
    ],
    "film_vectors": [
        [
            4.170827838293719,
            0.0,
            0.0
        ],
        [
            -2.0854139191468595,
            3.6120428629215495,
            0.0
        ]
    ],
    "substrate_vectors": [
        [
            3.4635707819465402,
            0.0,
            0.0
        ],
        [
            -1.7317853909732701,
            2.9995402847792536,
            0.0
        ]
    ],
    "film_transformation": [
        [
            4.0,
            4.0
        ],
        [
            0.0,
            5.0
        ]
    ],
    "substrate_transformation": [
        [
            1.0,
            21.0
        ],
        [
            0.0,
            26.0
        ]
    ],
    "strain": [
        [
            -0.0336511763505446,
            0.014432813230088075,
            0.0
        ],
        [
            0.014432813230088075,
            -0.06870635594079366,
            0.0
        ],
        [
            0.0,
            0.0,
            0.0
        ]
    ],
    "von_mises_strain": 0.04302884618731106,
    "termination": [
        "default",
        "default"
    ],
    "film_thickness": 1,
    "substrate_thickness": 1,
    "signed_angle": -49.10660535256527
}