{
    "film_sl_vectors": [
        [
            -14.597897434028015,
            10.836128588764648,
            0.0
        ],
        [
            6.256241757440577,
            18.060214314607748,
            0.0
        ]
    ],
    "substrate_sl_vectors": [
        [
            -17.317853909732705,
            5.999080569558508,
            0.0
        ],
        [
            -12.122497736812894,
            -14.997701423896267,
            -0.0
        ]
    ],
    "film_vectors": [
        [
            4.170827838293719,
            0.0,
            0.0
        ],
        [
            -2.0854139191468595,
            3.6120428629215495,
            0.0
        ]
    ],
    "substrate_vectors": [
        [
            3.4635707819465402,
            0.0,
            0.0
        ],
        [
            -1.7317853909732701,
            2.9995402847792536,
            0.0
        ]
    ],
    "film_transformation": [
        [
            2.0,
            8.0
        ],
        [
            0.0,
            11.0
        ]
    ],
    "substrate_transformation": [
        [
            2.0,
            7.0
        ],
        [
            0.0,
            16.0
        ]
    ],
    "strain": [
        [
            -0.016275566726571433,
            -0.01192794483207606,
            0.0
        ],
        [
            -0.01192794483207606,
            0.020294665326420436,
            0.0
        ],
        [
            0.0,
            0.0,
            0.0
        ]
    ],
    "von_mises_strain": 0.025244601591867186,
    "termination": [
        "default",
        "default"
    ],
    "film_thickness": 1,
    "substrate_thickness": 1,
    "signed_angle": 17.48017020501706
}