{
    "film_sl_vectors": [
        [
            12.512483514881158,
            0.0,
            0.0
        ],
        [
            6.256241757440579,
            -10.836128588764648,
            -0.0
        ]
    ],
    "substrate_sl_vectors": [
        [
            3.4635707819465438,
            11.998161139117013,
            0.0
        ],
        [
            -8.658926954866352,
            8.998620854337762,
            0.0
        ]
    ],
    "film_vectors": [
        [
            4.170827838293719,
            0.0,
            0.0
        ],
        [
            -2.0854139191468595,
            3.6120428629215495,
            0.0
        ]
    ],
    "substrate_vectors": [
        [
            3.4635707819465402,
            0.0,
            0.0
        ],
        [
            -1.7317853909732701,
            2.9995402847792536,
            0.0
        ]
    ],
    "film_transformation": [
        [
            3.0,
            0.0
        ],
        [
            0.0,
            3.0
        ]
    ],
    "substrate_transformation": [
        [
            1.0,
            10.0
        ],
        [
            0.0,
            13.0
        ]
    ],
    "strain": [
        [
            -0.001948268030479372,
            1.698874043055238e-11,
            0.0
        ],
        [
            1.698874043055238e-11,
            -0.0019482680173066314,
            0.0
        ],
        [
            0.0,
            0.0,
            0.0
        ]
    ],
    "von_mises_strain": 0.0012988453492620011,
    "termination": [
        "default",
        "default"
    ],
    "film_thickness": 1,
    "substrate_thickness": 1,
    "signed_angle": 73.89788624703678
}