{
    "film_sl_vectors": [
        [
            -14.59789743402802,
            -3.6120428629215624,
            -0.0
        ],
        [
            -10.427069595734299,
            10.836128588764645,
            0.0
        ]
    ],
    "substrate_sl_vectors": [
        [
            -1.7317853909732719,
            14.997701423896267,
            0.0
        ],
        [
            12.122497736812885,
            8.998620854337759,
            -0.0
        ]
    ],
    "film_vectors": [
        [
            4.170827838293719,
            0.0,
            0.0
        ],
        [
            -2.0854139191468595,
            3.6120428629215495,
            0.0
        ]
    ],
    "substrate_vectors": [
        [
            3.4635707819465402,
            0.0,
            0.0
        ],
        [
            -1.7317853909732701,
            2.9995402847792536,
            0.0
        ]
    ],
    "film_transformation": [
        [
            1.0,
            10.0
        ],
        [
            0.0,
            13.0
        ]
    ],
    "substrate_transformation": [
        [
            1.0,
            12.0
        ],
        [
            0.0,
            19.0
        ]
    ],
    "strain": [
        [
            0.00394583530252024,
            -8.142794760575418e-12,
            0.0
        ],
        [
            -8.142794760575418e-12,
            0.003945835323682867,
            0.0
        ],
        [
            0.0,
            0.0,
            -1.1102230246251565e-16
        ]
    ],
    "von_mises_strain": 0.0026305568754011097,
    "termination": [
        "default",
        "default"
    ],
    "film_thickness": 1,
    "substrate_thickness": 1,
    "signed_angle": -97.31111069451352
}