{
    "film_sl_vectors": [
        [
            6.256241757440579,
            -10.836128588764648,
            -0.0
        ],
        [
            20.854139191468597,
            7.224085725843099,
            0.0
        ]
    ],
    "substrate_sl_vectors": [
        [
            0.0,
            11.998161139117014,
            0.0
        ],
        [
            -22.513210082652513,
            2.999540284779254,
            0.0
        ]
    ],
    "film_vectors": [
        [
            4.170827838293719,
            0.0,
            0.0
        ],
        [
            -2.0854139191468595,
            3.6120428629215495,
            0.0
        ]
    ],
    "substrate_vectors": [
        [
            3.4635707819465402,
            0.0,
            0.0
        ],
        [
            -1.7317853909732701,
            2.9995402847792536,
            0.0
        ]
    ],
    "film_transformation": [
        [
            6.0,
            2.0
        ],
        [
            0.0,
            3.0
        ]
    ],
    "substrate_transformation": [
        [
            2.0,
            4.0
        ],
        [
            0.0,
            13.0
        ]
    ],
    "strain": [
        [
            0.0012443713238826648,
            0.04608177911778537,
            0.0
        ],
        [
            0.04608177911778537,
            -0.0008840549564892441,
            0.0
        ],
        [
            0.0,
            0.0,
            0.0
        ]
    ],
    "von_mises_strain": 0.053224978287247655,
    "termination": [
        "default",
        "default"
    ],
    "film_thickness": 1,
    "substrate_thickness": 1,
    "signed_angle": 150.00000000101554
}