{
    "film_sl_vectors": [
        [
            6.256241757440579,
            -10.836128588764648,
            -0.0
        ],
        [
            -20.854139191468597,
            -14.448171451686198,
            -0.0
        ]
    ],
    "substrate_sl_vectors": [
        [
            -3.4635707819465402,
            11.998161139117014,
            0.0
        ],
        [
            -24.24499547362576,
            -5.999080569558512,
            0.0
        ]
    ],
    "film_vectors": [
        [
            4.170827838293719,
            0.0,
            0.0
        ],
        [
            -2.0854139191468595,
            3.6120428629215495,
            0.0
        ]
    ],
    "substrate_vectors": [
        [
            3.4635707819465402,
            0.0,
            0.0
        ],
        [
            -1.7317853909732701,
            2.9995402847792536,
            0.0
        ]
    ],
    "film_transformation": [
        [
            7.0,
            1.0
        ],
        [
            0.0,
            3.0
        ]
    ],
    "substrate_transformation": [
        [
            1.0,
            4.0
        ],
        [
            0.0,
            30.0
        ]
    ],
    "strain": [
        [
            0.009779794755658933,
            -0.015348053739224887,
            0.0
        ],
        [
            -0.015348053739224887,
            -0.023580028248010754,
            0.0
        ],
        [
            0.0,
            0.0,
            0.0
        ]
    ],
    "von_mises_strain": 0.02657449249005845,
    "termination": [
        "default",
        "default"
    ],
    "film_thickness": 1,
    "substrate_thickness": 1,
    "signed_angle": 166.10211375397876
}