{
    "film_sl_vectors": [
        [
            -6.256241757440577,
            3.612042862921541,
            0.0
        ],
        [
            -25.0249670297623,
            -36.12042862921558,
            -0.0
        ]
    ],
    "substrate_sl_vectors": [
        [
            3.4635707819465402,
            -5.999080569558507,
            -0.0
        ],
        [
            39.8310639923852,
            20.996781993454775,
            0.0
        ]
    ],
    "film_vectors": [
        [
            4.170827838293719,
            0.0,
            0.0
        ],
        [
            -2.0854139191468595,
            3.6120428629215495,
            0.0
        ]
    ],
    "substrate_vectors": [
        [
            3.4635707819465402,
            0.0,
            0.0
        ],
        [
            -1.7317853909732701,
            2.9995402847792536,
            0.0
        ]
    ],
    "film_transformation": [
        [
            1.0,
            20.0
        ],
        [
            0.0,
            21.0
        ]
    ],
    "substrate_transformation": [
        [
            15.0,
            1.0
        ],
        [
            0.0,
            2.0
        ]
    ],
    "strain": [
        [
            -0.03947806882789667,
            0.020313600605465807,
            0.0
        ],
        [
            0.020313600605465807,
            0.027762824268997566,
            0.0
        ],
        [
            0.0,
            0.0,
            0.0
        ]
    ],
    "von_mises_strain": 0.04552529028912179,
    "termination": [
        "default",
        "default"
    ],
    "film_thickness": 1,
    "substrate_thickness": 1,
    "signed_angle": 150.00000000260343
}