{
    "film_sl_vectors": [
        [
            -12.512483514881156,
            7.2240857258431,
            0.0
        ],
        [
            6.256241757440577,
            18.060214314607748,
            0.0
        ]
    ],
    "substrate_sl_vectors": [
        [
            -1.7317853909732701,
            14.997701423896268,
            0.0
        ],
        [
            17.317853909732698,
            5.9990805695585045,
            -0.0
        ]
    ],
    "film_vectors": [
        [
            4.170827838293719,
            0.0,
            0.0
        ],
        [
            -2.0854139191468595,
            3.6120428629215495,
            0.0
        ]
    ],
    "substrate_vectors": [
        [
            3.4635707819465402,
            0.0,
            0.0
        ],
        [
            -1.7317853909732701,
            2.9995402847792536,
            0.0
        ]
    ],
    "film_transformation": [
        [
            2.0,
            7.0
        ],
        [
            0.0,
            9.0
        ]
    ],
    "substrate_transformation": [
        [
            2.0,
            5.0
        ],
        [
            0.0,
            13.0
        ]
    ],
    "strain": [
        [
            0.0182717809331836,
            -0.04239523673282845,
            0.0
        ],
        [
            -0.04239523673282845,
            -0.017911464575294578,
            0.0
        ],
        [
            0.0,
            0.0,
            0.0
        ]
    ],
    "von_mises_strain": 0.05322497822769658,
    "termination": [
        "default",
        "default"
    ],
    "film_thickness": 1,
    "substrate_thickness": 1,
    "signed_angle": -53.4132244449371
}