{
    "film_sl_vectors": [
        [
            -10.427069595734295,
            10.836128588764645,
            0.0
        ],
        [
            -16.683311353174865,
            -7.224085725843118,
            -0.0
        ]
    ],
    "substrate_sl_vectors": [
        [
            -13.854283127786161,
            5.999080569558508,
            0.0
        ],
        [
            0.0,
            17.99724170867552,
            0.0
        ]
    ],
    "film_vectors": [
        [
            4.170827838293719,
            0.0,
            0.0
        ],
        [
            -2.0854139191468595,
            3.6120428629215495,
            0.0
        ]
    ],
    "substrate_vectors": [
        [
            3.4635707819465402,
            0.0,
            0.0
        ],
        [
            -1.7317853909732701,
            2.9995402847792536,
            0.0
        ]
    ],
    "film_transformation": [
        [
            1.0,
            14.0
        ],
        [
            0.0,
            17.0
        ]
    ],
    "substrate_transformation": [
        [
            3.0,
            6.0
        ],
        [
            0.0,
            8.0
        ]
    ],
    "strain": [
        [
            0.009452437044649042,
            -0.017220872484479607,
            0.0
        ],
        [
            -0.017220872484479607,
            -0.034294454499784244,
            0.0
        ],
        [
            0.0,
            0.0,
            0.0
        ]
    ],
    "von_mises_strain": 0.0331950444430138,
    "termination": [
        "default",
        "default"
    ],
    "film_thickness": 1,
    "substrate_thickness": 1,
    "signed_angle": 22.688889308124466
}