{
    "film_sl_vectors": [
        [
            16.683311353174876,
            0.0,
            0.0
        ],
        [
            8.341655676587438,
            -14.448171451686198,
            -0.0
        ]
    ],
    "substrate_sl_vectors": [
        [
            5.195356172919809,
            14.99770142389626,
            0.0
        ],
        [
            -10.39071234583962,
            11.998161139117016,
            0.0
        ]
    ],
    "film_vectors": [
        [
            4.170827838293719,
            0.0,
            0.0
        ],
        [
            -2.0854139191468595,
            3.6120428629215495,
            0.0
        ]
    ],
    "substrate_vectors": [
        [
            3.4635707819465402,
            0.0,
            0.0
        ],
        [
            -1.7317853909732701,
            2.9995402847792536,
            0.0
        ]
    ],
    "film_transformation": [
        [
            4.0,
            0.0
        ],
        [
            0.0,
            4.0
        ]
    ],
    "substrate_transformation": [
        [
            1.0,
            17.0
        ],
        [
            0.0,
            21.0
        ]
    ],
    "strain": [
        [
            -0.04744337816056027,
            1.7917582946993405e-11,
            0.0
        ],
        [
            1.7917582946993405e-11,
            -0.04744337815209215,
            0.0
        ],
        [
            0.0,
            0.0,
            2.220446049250313e-16
        ]
    ],
    "von_mises_strain": 0.031628918770884286,
    "termination": [
        "default",
        "default"
    ],
    "film_thickness": 1,
    "substrate_thickness": 1,
    "signed_angle": 70.89339464799667
}