{
    "film_sl_vectors": [
        [
            -10.427069595734295,
            10.836128588764645,
            0.0
        ],
        [
            12.512483514881147,
            14.448171451686214,
            0.0
        ]
    ],
    "substrate_sl_vectors": [
        [
            -12.122497736812893,
            8.998620854337759,
            0.0
        ],
        [
            -12.122497736812896,
            -14.997701423896274,
            -0.0
        ]
    ],
    "film_vectors": [
        [
            4.170827838293719,
            0.0,
            0.0
        ],
        [
            -2.0854139191468595,
            3.6120428629215495,
            0.0
        ]
    ],
    "substrate_vectors": [
        [
            3.4635707819465402,
            0.0,
            0.0
        ],
        [
            -1.7317853909732701,
            2.9995402847792536,
            0.0
        ]
    ],
    "film_transformation": [
        [
            1.0,
            16.0
        ],
        [
            0.0,
            19.0
        ]
    ],
    "substrate_transformation": [
        [
            2.0,
            11.0
        ],
        [
            0.0,
            14.0
        ]
    ],
    "strain": [
        [
            0.033922493825062294,
            0.0038601468038325236,
            0.0
        ],
        [
            0.0038601468038325236,
            -0.01638147396964601,
            0.0
        ],
        [
            0.0,
            0.0,
            0.0
        ]
    ],
    "von_mises_strain": 0.02995916425441456,
    "termination": [
        "default",
        "default"
    ],
    "film_thickness": 1,
    "substrate_thickness": 1,
    "signed_angle": 9.515338201283432
}