{
    "film_sl_vectors": [
        [
            6.256241757440579,
            -10.836128588764648,
            -0.0
        ],
        [
            25.024967029762315,
            7.224085725843099,
            0.0
        ]
    ],
    "substrate_sl_vectors": [
        [
            3.4635707819465367,
            11.998161139117009,
            0.0
        ],
        [
            -24.244995473625774,
            11.998161139117023,
            0.0
        ]
    ],
    "film_vectors": [
        [
            4.170827838293719,
            0.0,
            0.0
        ],
        [
            -2.0854139191468595,
            3.6120428629215495,
            0.0
        ]
    ],
    "substrate_vectors": [
        [
            3.4635707819465402,
            0.0,
            0.0
        ],
        [
            -1.7317853909732701,
            2.9995402847792536,
            0.0
        ]
    ],
    "film_transformation": [
        [
            7.0,
            2.0
        ],
        [
            0.0,
            3.0
        ]
    ],
    "substrate_transformation": [
        [
            1.0,
            12.0
        ],
        [
            0.0,
            32.0
        ]
    ],
    "strain": [
        [
            0.016816632420136535,
            0.039272961152757246,
            0.0
        ],
        [
            0.039272961152757246,
            0.037145274497366265,
            0.0
        ],
        [
            0.0,
            0.0,
            0.0
        ]
    ],
    "von_mises_strain": 0.05017750070915731,
    "termination": [
        "default",
        "default"
    ],
    "film_thickness": 1,
    "substrate_thickness": 1,
    "signed_angle": 133.89788624805237
}