{
    "film_sl_vectors": [
        [
            -12.512483514881158,
            -7.2240857258431,
            -0.0
        ],
        [
            -14.597897434028017,
            10.836128588764648,
            0.0
        ]
    ],
    "substrate_sl_vectors": [
        [
            -13.854283127786161,
            5.999080569558508,
            0.0
        ],
        [
            0.0,
            17.99724170867552,
            0.0
        ]
    ],
    "film_vectors": [
        [
            4.170827838293719,
            0.0,
            0.0
        ],
        [
            -2.0854139191468595,
            3.6120428629215495,
            0.0
        ]
    ],
    "substrate_vectors": [
        [
            3.4635707819465402,
            0.0,
            0.0
        ],
        [
            -1.7317853909732701,
            2.9995402847792536,
            0.0
        ]
    ],
    "film_transformation": [
        [
            2.0,
            5.0
        ],
        [
            0.0,
            8.0
        ]
    ],
    "substrate_transformation": [
        [
            3.0,
            6.0
        ],
        [
            0.0,
            8.0
        ]
    ],
    "strain": [
        [
            0.021248251957748043,
            0.03032757089565637,
            0.0
        ],
        [
            0.03032757089565637,
            0.014962743299246739,
            0.0
        ],
        [
            0.0,
            0.0,
            0.0
        ]
    ],
    "von_mises_strain": 0.03721842093486495,
    "termination": [
        "default",
        "default"
    ],
    "film_thickness": 1,
    "substrate_thickness": 1,
    "signed_angle": -53.41322444604891
}