{
    "film_sl_vectors": [
        [
            -6.256241757440577,
            3.612042862921548,
            0.0
        ],
        [
            -16.683311353174865,
            -21.672257177529303,
            -0.0
        ]
    ],
    "substrate_sl_vectors": [
        [
            3.4635707819465402,
            -5.999080569558507,
            -0.0
        ],
        [
            24.24499547362578,
            11.998161139117014,
            0.0
        ]
    ],
    "film_vectors": [
        [
            4.170827838293719,
            0.0,
            0.0
        ],
        [
            -2.0854139191468595,
            3.6120428629215495,
            0.0
        ]
    ],
    "substrate_vectors": [
        [
            3.4635707819465402,
            0.0,
            0.0
        ],
        [
            -1.7317853909732701,
            2.9995402847792536,
            0.0
        ]
    ],
    "film_transformation": [
        [
            1.0,
            12.0
        ],
        [
            0.0,
            13.0
        ]
    ],
    "substrate_transformation": [
        [
            9.0,
            0.0
        ],
        [
            0.0,
            2.0
        ]
    ],
    "strain": [
        [
            -0.057262160844848586,
            0.0011779484613388034,
            0.0
        ],
        [
            0.0011779484613388034,
            0.01482725681901198,
            0.0
        ],
        [
            0.0,
            0.0,
            0.0
        ]
    ],
    "von_mises_strain": 0.04397982397008429,
    "termination": [
        "default",
        "default"
    ],
    "film_thickness": 1,
    "substrate_thickness": 1,
    "signed_angle": 150.00000000260349
}