{
    "film_sl_vectors": [
        [
            -12.512483514881158,
            7.224085725843098,
            0.0
        ],
        [
            -12.512483514881158,
            -7.2240857258431,
            -0.0
        ]
    ],
    "substrate_sl_vectors": [
        [
            -1.7317853909732719,
            14.997701423896267,
            0.0
        ],
        [
            12.122497736812885,
            8.998620854337759,
            -0.0
        ]
    ],
    "film_vectors": [
        [
            4.170827838293719,
            0.0,
            0.0
        ],
        [
            -2.0854139191468595,
            3.6120428629215495,
            0.0
        ]
    ],
    "substrate_vectors": [
        [
            3.4635707819465402,
            0.0,
            0.0
        ],
        [
            -1.7317853909732701,
            2.9995402847792536,
            0.0
        ]
    ],
    "film_transformation": [
        [
            2.0,
            4.0
        ],
        [
            0.0,
            6.0
        ]
    ],
    "substrate_transformation": [
        [
            1.0,
            12.0
        ],
        [
            0.0,
            19.0
        ]
    ],
    "strain": [
        [
            0.04594132158763298,
            2.548274297803133e-11,
            0.0
        ],
        [
            2.548274297803133e-11,
            0.04594132159075437,
            0.0
        ],
        [
            0.0,
            0.0,
            0.0
        ]
    ],
    "von_mises_strain": 0.030627547726129117,
    "termination": [
        "default",
        "default"
    ],
    "film_thickness": 1,
    "substrate_thickness": 1,
    "signed_angle": -53.41322444493711
}