{
    "film_sl_vectors": [
        [
            -12.512483514881158,
            -7.2240857258431,
            -0.0
        ],
        [
            -14.597897434028017,
            10.836128588764648,
            0.0
        ]
    ],
    "substrate_sl_vectors": [
        [
            1.7317853909732701,
            14.997701423896268,
            0.0
        ],
        [
            -15.586068518759431,
            8.99862085433776,
            0.0
        ]
    ],
    "film_vectors": [
        [
            4.170827838293719,
            0.0,
            0.0
        ],
        [
            -2.0854139191468595,
            3.6120428629215495,
            0.0
        ]
    ],
    "substrate_vectors": [
        [
            3.4635707819465402,
            0.0,
            0.0
        ],
        [
            -1.7317853909732701,
            2.9995402847792536,
            0.0
        ]
    ],
    "film_transformation": [
        [
            2.0,
            5.0
        ],
        [
            0.0,
            8.0
        ]
    ],
    "substrate_transformation": [
        [
            3.0,
            5.0
        ],
        [
            0.0,
            8.0
        ]
    ],
    "strain": [
        [
            0.021248251942618812,
            0.030327570839439513,
            0.0
        ],
        [
            0.030327570839439513,
            0.014962743307651905,
            0.0
        ],
        [
            0.0,
            0.0,
            0.0
        ]
    ],
    "von_mises_strain": 0.037218420871735186,
    "termination": [
        "default",
        "default"
    ],
    "film_thickness": 1,
    "substrate_thickness": 1,
    "signed_angle": -126.5867755550629
}