{
    "film_sl_vectors": [
        [
            6.256241757440579,
            3.6120428629215495,
            0.0
        ],
        [
            -18.768725272321735,
            32.50838576629395,
            0.0
        ]
    ],
    "substrate_sl_vectors": [
        [
            3.4635707819465402,
            -5.999080569558507,
            -0.0
        ],
        [
            -32.90392242849212,
            -20.996781993454775,
            -0.0
        ]
    ],
    "film_vectors": [
        [
            4.170827838293719,
            0.0,
            0.0
        ],
        [
            -2.0854139191468595,
            3.6120428629215495,
            0.0
        ]
    ],
    "substrate_vectors": [
        [
            3.4635707819465402,
            0.0,
            0.0
        ],
        [
            -1.7317853909732701,
            2.9995402847792536,
            0.0
        ]
    ],
    "film_transformation": [
        [
            2.0,
            1.0
        ],
        [
            0.0,
            9.0
        ]
    ],
    "substrate_transformation": [
        [
            13.0,
            1.0
        ],
        [
            0.0,
            2.0
        ]
    ],
    "strain": [
        [
            -0.03919572657585685,
            -0.023962525154069905,
            0.0
        ],
        [
            -0.023962525154069905,
            0.03955604293476278,
            0.0
        ],
        [
            0.0,
            0.0,
            0.0
        ]
    ],
    "von_mises_strain": 0.05322497823406785,
    "termination": [
        "default",
        "default"
    ],
    "film_thickness": 1,
    "substrate_thickness": 1,
    "signed_angle": -89.99999999942763
}