{
    "film_sl_vectors": [
        [
            6.256241757440579,
            -10.836128588764648,
            -0.0
        ],
        [
            20.854139191468597,
            7.224085725843099,
            0.0
        ]
    ],
    "substrate_sl_vectors": [
        [
            -12.12249773681289,
            2.999540284779254,
            0.0
        ],
        [
            -8.65892695486635,
            -20.996781993454775,
            -0.0
        ]
    ],
    "film_vectors": [
        [
            4.170827838293719,
            0.0,
            0.0
        ],
        [
            -2.0854139191468595,
            3.6120428629215495,
            0.0
        ]
    ],
    "substrate_vectors": [
        [
            3.4635707819465402,
            0.0,
            0.0
        ],
        [
            -1.7317853909732701,
            2.9995402847792536,
            0.0
        ]
    ],
    "film_transformation": [
        [
            6.0,
            2.0
        ],
        [
            0.0,
            3.0
        ]
    ],
    "substrate_transformation": [
        [
            3.0,
            8.0
        ],
        [
            0.0,
            9.0
        ]
    ],
    "strain": [
        [
            0.011886502325608728,
            0.026420219979021303,
            0.0
        ],
        [
            0.026420219979021303,
            0.02394758411661657,
            0.0
        ],
        [
            0.0,
            0.0,
            0.0
        ]
    ],
    "von_mises_strain": 0.033494323097662614,
    "termination": [
        "default",
        "default"
    ],
    "film_thickness": 1,
    "substrate_thickness": 1,
    "signed_angle": -133.8978862461434
}