{
    "film_sl_vectors": [
        [
            -16.68331135317488,
            7.2240857258431,
            0.0
        ],
        [
            2.085413919146861,
            18.060214314607748,
            0.0
        ]
    ],
    "substrate_sl_vectors": [
        [
            0.0,
            17.99724170867552,
            0.0
        ],
        [
            17.3178539097327,
            5.9990805695585045,
            -0.0
        ]
    ],
    "film_vectors": [
        [
            4.170827838293719,
            0.0,
            0.0
        ],
        [
            -2.0854139191468595,
            3.6120428629215495,
            0.0
        ]
    ],
    "substrate_vectors": [
        [
            3.4635707819465402,
            0.0,
            0.0
        ],
        [
            -1.7317853909732701,
            2.9995402847792536,
            0.0
        ]
    ],
    "film_transformation": [
        [
            3.0,
            5.0
        ],
        [
            0.0,
            7.0
        ]
    ],
    "substrate_transformation": [
        [
            3.0,
            6.0
        ],
        [
            0.0,
            10.0
        ]
    ],
    "strain": [
        [
            -0.025404393549611215,
            -0.013090987015728249,
            0.0
        ],
        [
            -0.013090987015728249,
            0.011604160056781776,
            0.0
        ],
        [
            0.0,
            0.0,
            0.0
        ]
    ],
    "von_mises_strain": 0.02657449248416816,
    "termination": [
        "default",
        "default"
    ],
    "film_thickness": 1,
    "substrate_thickness": 1,
    "signed_angle": -66.58677555277426
}