{
    "film_sl_vectors": [
        [
            -6.256241757440577,
            3.612042862921541,
            0.0
        ],
        [
            -22.939553110615442,
            -32.508385766294026,
            -0.0
        ]
    ],
    "substrate_sl_vectors": [
        [
            3.4635707819465402,
            -5.999080569558507,
            -0.0
        ],
        [
            34.635707819465395,
            17.99724170867552,
            0.0
        ]
    ],
    "film_vectors": [
        [
            4.170827838293719,
            0.0,
            0.0
        ],
        [
            -2.0854139191468595,
            3.6120428629215495,
            0.0
        ]
    ],
    "substrate_vectors": [
        [
            3.4635707819465402,
            0.0,
            0.0
        ],
        [
            -1.7317853909732701,
            2.9995402847792536,
            0.0
        ]
    ],
    "film_transformation": [
        [
            1.0,
            18.0
        ],
        [
            0.0,
            19.0
        ]
    ],
    "substrate_transformation": [
        [
            13.0,
            0.0
        ],
        [
            0.0,
            2.0
        ]
    ],
    "strain": [
        [
            -0.052039982776521165,
            0.0005514495702455533,
            0.0
        ],
        [
            0.0005514495702455533,
            -0.0030095332051151558,
            0.0
        ],
        [
            0.0,
            0.0,
            -1.1102230246251565e-16
        ]
    ],
    "von_mises_strain": 0.0337409301802841,
    "termination": [
        "default",
        "default"
    ],
    "film_thickness": 1,
    "substrate_thickness": 1,
    "signed_angle": 150.00000000260343
}