{
    "film_sl_vectors": [
        [
            6.256241757440579,
            3.6120428629215495,
            0.0
        ],
        [
            -16.683311353174876,
            28.896342903372396,
            0.0
        ]
    ],
    "substrate_sl_vectors": [
        [
            3.4635707819465402,
            -5.999080569558507,
            -0.0
        ],
        [
            29.440351646545583,
            14.997701423896267,
            0.0
        ]
    ],
    "film_vectors": [
        [
            4.170827838293719,
            0.0,
            0.0
        ],
        [
            -2.0854139191468595,
            3.6120428629215495,
            0.0
        ]
    ],
    "substrate_vectors": [
        [
            3.4635707819465402,
            0.0,
            0.0
        ],
        [
            -1.7317853909732701,
            2.9995402847792536,
            0.0
        ]
    ],
    "film_transformation": [
        [
            2.0,
            1.0
        ],
        [
            0.0,
            8.0
        ]
    ],
    "substrate_transformation": [
        [
            11.0,
            1.0
        ],
        [
            0.0,
            2.0
        ]
    ],
    "strain": [
        [
            -0.054177851705908664,
            -0.0007776300237752101,
            0.0
        ],
        [
            -0.0007776300237752101,
            0.0041875856568721614,
            0.0
        ],
        [
            0.0,
            0.0,
            0.0
        ]
    ],
    "von_mises_strain": 0.037602978659713834,
    "termination": [
        "default",
        "default"
    ],
    "film_thickness": 1,
    "substrate_thickness": 1,
    "signed_angle": -89.99999999942763
}