{
    "film_sl_vectors": [
        [
            -12.512483514881156,
            7.2240857258431,
            0.0
        ],
        [
            6.256241757440577,
            18.060214314607748,
            0.0
        ]
    ],
    "substrate_sl_vectors": [
        [
            -12.122497736812893,
            8.998620854337762,
            0.0
        ],
        [
            -13.854283127786164,
            -11.998161139117013,
            -0.0
        ]
    ],
    "film_vectors": [
        [
            4.170827838293719,
            0.0,
            0.0
        ],
        [
            -2.0854139191468595,
            3.6120428629215495,
            0.0
        ]
    ],
    "substrate_vectors": [
        [
            3.4635707819465402,
            0.0,
            0.0
        ],
        [
            -1.7317853909732701,
            2.9995402847792536,
            0.0
        ]
    ],
    "film_transformation": [
        [
            2.0,
            7.0
        ],
        [
            0.0,
            9.0
        ]
    ],
    "substrate_transformation": [
        [
            2.0,
            10.0
        ],
        [
            0.0,
            13.0
        ]
    ],
    "strain": [
        [
            0.018271780924192793,
            -0.04239523678662595,
            0.0
        ],
        [
            -0.04239523678662595,
            -0.01791146455812953,
            0.0
        ],
        [
            0.0,
            0.0,
            0.0
        ]
    ],
    "von_mises_strain": 0.05322497827891069,
    "termination": [
        "default",
        "default"
    ],
    "film_thickness": 1,
    "substrate_thickness": 1,
    "signed_angle": -6.586775550858823
}