{
    "film_sl_vectors": [
        [
            12.512483514881158,
            7.224085725843099,
            0.0
        ],
        [
            -8.341655676587438,
            14.448171451686198,
            0.0
        ]
    ],
    "substrate_sl_vectors": [
        [
            -12.122497736812893,
            -8.998620854337723,
            -0.0
        ],
        [
            -10.39071234583962,
            11.998161139117023,
            0.0
        ]
    ],
    "film_vectors": [
        [
            4.170827838293719,
            0.0,
            0.0
        ],
        [
            -2.0854139191468595,
            3.6120428629215495,
            0.0
        ]
    ],
    "substrate_vectors": [
        [
            3.4635707819465402,
            0.0,
            0.0
        ],
        [
            -1.7317853909732701,
            2.9995402847792536,
            0.0
        ]
    ],
    "film_transformation": [
        [
            4.0,
            2.0
        ],
        [
            0.0,
            4.0
        ]
    ],
    "substrate_transformation": [
        [
            1.0,
            19.0
        ],
        [
            0.0,
            23.0
        ]
    ],
    "strain": [
        [
            -0.00973032633629789,
            0.0590998817056864,
            0.0
        ],
        [
            0.0590998817056864,
            0.008228269774406605,
            0.0
        ],
        [
            0.0,
            0.0,
            0.0
        ]
    ],
    "von_mises_strain": 0.06902764495172356,
    "termination": [
        "default",
        "default"
    ],
    "film_thickness": 1,
    "substrate_thickness": 1,
    "signed_angle": -173.4132244491413
}