{
    "film_sl_vectors": [
        [
            -16.68331135317487,
            -7.224085725843114,
            -0.0
        ],
        [
            -14.597897434028013,
            10.836128588764641,
            0.0
        ]
    ],
    "substrate_sl_vectors": [
        [
            0.0,
            17.99724170867552,
            0.0
        ],
        [
            15.586068518759431,
            8.998620854337759,
            -0.0
        ]
    ],
    "film_vectors": [
        [
            4.170827838293719,
            0.0,
            0.0
        ],
        [
            -2.0854139191468595,
            3.6120428629215495,
            0.0
        ]
    ],
    "substrate_vectors": [
        [
            3.4635707819465402,
            0.0,
            0.0
        ],
        [
            -1.7317853909732701,
            2.9995402847792536,
            0.0
        ]
    ],
    "film_transformation": [
        [
            1.0,
            8.0
        ],
        [
            0.0,
            19.0
        ]
    ],
    "substrate_transformation": [
        [
            3.0,
            6.0
        ],
        [
            0.0,
            9.0
        ]
    ],
    "strain": [
        [
            -0.010013883118024036,
            -2.2871496962427265e-11,
            0.0
        ],
        [
            -2.2871496962427265e-11,
            -0.010013883115223221,
            0.0
        ],
        [
            0.0,
            0.0,
            0.0
        ]
    ],
    "von_mises_strain": 0.006675922077749086,
    "termination": [
        "default",
        "default"
    ],
    "film_thickness": 1,
    "substrate_thickness": 1,
    "signed_angle": -113.4132244472258
}