{
    "film_sl_vectors": [
        [
            -14.597897434028019,
            3.612042862921548,
            0.0
        ],
        [
            2.085413919146861,
            18.060214314607748,
            0.0
        ]
    ],
    "substrate_sl_vectors": [
        [
            12.12249773681289,
            8.99862085433776,
            0.0
        ],
        [
            -8.65892695486635,
            14.997701423896268,
            0.0
        ]
    ],
    "film_vectors": [
        [
            4.170827838293719,
            0.0,
            0.0
        ],
        [
            -2.0854139191468595,
            3.6120428629215495,
            0.0
        ]
    ],
    "substrate_vectors": [
        [
            3.4635707819465402,
            0.0,
            0.0
        ],
        [
            -1.7317853909732701,
            2.9995402847792536,
            0.0
        ]
    ],
    "film_transformation": [
        [
            3.0,
            5.0
        ],
        [
            0.0,
            6.0
        ]
    ],
    "substrate_transformation": [
        [
            5.0,
            3.0
        ],
        [
            0.0,
            5.0
        ]
    ],
    "strain": [
        [
            0.005501223736527172,
            -0.003072118583836262,
            0.0
        ],
        [
            -0.003072118583836262,
            -0.046290480667314504,
            0.0
        ],
        [
            0.0,
            0.0,
            0.0
        ]
    ],
    "von_mises_strain": 0.03303896751017964,
    "termination": [
        "default",
        "default"
    ],
    "film_thickness": 1,
    "substrate_thickness": 1,
    "signed_angle": -129.5153381995648
}