{
    "film_sl_vectors": [
        [
            -14.597897434028013,
            10.836128588764652,
            0.0
        ],
        [
            -12.51248351488115,
            -14.448171451686193,
            -0.0
        ]
    ],
    "substrate_sl_vectors": [
        [
            3.4635707819465402,
            17.99724170867552,
            0.0
        ],
        [
            -17.3178539097327,
            5.999080569558508,
            0.0
        ]
    ],
    "film_vectors": [
        [
            4.170827838293719,
            0.0,
            0.0
        ],
        [
            -2.0854139191468595,
            3.6120428629215495,
            0.0
        ]
    ],
    "substrate_vectors": [
        [
            3.4635707819465402,
            0.0,
            0.0
        ],
        [
            -1.7317853909732701,
            2.9995402847792536,
            0.0
        ]
    ],
    "film_transformation": [
        [
            1.0,
            10.0
        ],
        [
            0.0,
            23.0
        ]
    ],
    "substrate_transformation": [
        [
            4.0,
            6.0
        ],
        [
            0.0,
            8.0
        ]
    ],
    "strain": [
        [
            0.018837081265660083,
            -0.01655808044901874,
            0.0
        ],
        [
            -0.01655808044901874,
            -0.05590326879765639,
            0.0
        ],
        [
            0.0,
            0.0,
            -1.1102230246251565e-16
        ]
    ],
    "von_mises_strain": 0.04878786549815264,
    "termination": [
        "default",
        "default"
    ],
    "film_thickness": 1,
    "substrate_thickness": 1,
    "signed_angle": -64.30661909505953
}