{
    "film_sl_vectors": [
        [
            6.256241757440579,
            3.6120428629215495,
            0.0
        ],
        [
            -20.854139191468594,
            36.120428629215496,
            0.0
        ]
    ],
    "substrate_sl_vectors": [
        [
            3.4635707819465402,
            -5.999080569558507,
            -0.0
        ],
        [
            36.36749321043867,
            20.996781993454775,
            0.0
        ]
    ],
    "film_vectors": [
        [
            4.170827838293719,
            0.0,
            0.0
        ],
        [
            -2.0854139191468595,
            3.6120428629215495,
            0.0
        ]
    ],
    "substrate_vectors": [
        [
            3.4635707819465402,
            0.0,
            0.0
        ],
        [
            -1.7317853909732701,
            2.9995402847792536,
            0.0
        ]
    ],
    "film_transformation": [
        [
            2.0,
            1.0
        ],
        [
            0.0,
            10.0
        ]
    ],
    "substrate_transformation": [
        [
            14.0,
            1.0
        ],
        [
            0.0,
            2.0
        ]
    ],
    "strain": [
        [
            -0.028479100680394054,
            -0.02040501178143446,
            0.0
        ],
        [
            -0.02040501178143446,
            -0.004917422568510521,
            0.0
        ],
        [
            0.0,
            0.0,
            0.0
        ]
    ],
    "von_mises_strain": 0.02939606901358753,
    "termination": [
        "default",
        "default"
    ],
    "film_thickness": 1,
    "substrate_thickness": 1,
    "signed_angle": -89.99999999942763
}